User ID,Product ID,Product Name,Brand,Category,Price,Rating,Color,Size
44,137.0,Dress,Gucci,Kids' Fashion,90.0,3.0,Green,S
80,629.0,Shoes,Gucci,Men's Fashion,95.0,4.0,White,M
38,185.0,Sweater,Gucci,Men's Fashion,34.0,2.0,Yellow,L
98,32.0,T-shirt,Nike,Kids' Fashion,78.0,3.0,White,XL
11,678.0,Dress,H&M,Men's Fashion,85.0,3.0,Black,L
80,937.0,T-shirt,Gucci,Men's Fashion,38.0,1.0,Red,S
38,290.0,Sweater,Zara,Men's Fashion,13.0,5.0,White,S
34,328.0,Jeans,Adidas,Kids' Fashion,12.0,1.0,Blue,L
30,492.0,Sweater,Zara,Kids' Fashion,69.0,1.0,Blue,M
90,395.0,Shoes,Nike,Women's Fashion,14.0,3.0,Yellow,M
49,667.0,Shoes,Nike,Kids' Fashion,64.0,1.0,Blue,XL
6,546.0,Shoes,Zara,Women's Fashion,93.0,1.0,Red,L
100,870.0,Jeans,Nike,Kids' Fashion,26.0,3.0,Yellow,S
8,762.0,Jeans,Nike,Kids' Fashion,50.0,4.0,Blue,XL
38,257.0,Shoes,Nike,Women's Fashion,82.0,3.0,Red,S
37,77.0,Sweater,H&M,Kids' Fashion,90.0,2.0,Blue,L
74,774.0,Dress,H&M,Men's Fashion,94.0,3.0,White,L
24,851.0,Jeans,Nike,Men's Fashion,46.0,3.0,Yellow,XL
25,332.0,Shoes,Zara,Men's Fashion,75.0,3.0,Blue,M
74,630.0,T-shirt,Nike,Women's Fashion,84.0,2.0,White,XL
12,969.0,T-shirt,Gucci,Kids' Fashion,26.0,2.0,Red,L
9,812.0,Dress,Nike,Women's Fashion,23.0,1.0,Blue,M
55,378.0,T-shirt,Nike,Men's Fashion,45.0,4.0,Red,S
55,723.0,T-shirt,Nike,Men's Fashion,97.0,1.0,White,S
67,623.0,Shoes,Adidas,Kids' Fashion,62.0,2.0,Green,L
72,430.0,T-shirt,Nike,Kids' Fashion,92.0,3.0,Black,S
8,917.0,Jeans,Zara,Men's Fashion,23.0,3.0,Red,M
21,87.0,Shoes,Nike,Men's Fashion,41.0,4.0,Red,S
39,319.0,Jeans,H&M,Men's Fashion,61.0,1.0,White,L
61,591.0,Jeans,Gucci,Women's Fashion,97.0,2.0,White,M
48,175.0,Dress,Adidas,Men's Fashion,55.0,2.0,Blue,S
88,209.0,Dress,H&M,Women's Fashion,30.0,1.0,Black,XL
8,520.0,Dress,Zara,Men's Fashion,13.0,3.0,Red,L
82,971.0,Shoes,H&M,Men's Fashion,45.0,3.0,Green,XL
61,954.0,T-shirt,Gucci,Women's Fashion,74.0,3.0,Green,L
48,114.0,Shoes,H&M,Men's Fashion,37.0,1.0,Red,M
49,440.0,Dress,Zara,Women's Fashion,83.0,5.0,White,L
21,555.0,T-shirt,Adidas,Women's Fashion,67.0,4.0,Blue,L
26,540.0,Jeans,H&M,Kids' Fashion,80.0,1.0,Yellow,M
51,60.0,Shoes,H&M,Kids' Fashion,24.0,2.0,Yellow,XL
11,549.0,Dress,Zara,Women's Fashion,96.0,4.0,Blue,XL
45,695.0,Dress,Zara,Women's Fashion,78.0,5.0,Red,XL
11,690.0,Jeans,H&M,Kids' Fashion,34.0,2.0,White,L
75,200.0,Sweater,H&M,Men's Fashion,45.0,4.0,Black,S
98,779.0,Jeans,Nike,Kids' Fashion,94.0,4.0,Yellow,XL
65,735.0,Sweater,H&M,Men's Fashion,28.0,4.0,Yellow,L
37,443.0,Sweater,Gucci,Men's Fashion,11.0,3.0,White,L
29,517.0,T-shirt,Gucci,Men's Fashion,74.0,3.0,Blue,M
37,948.0,Sweater,Gucci,Women's Fashion,83.0,4.0,Yellow,XL
30,281.0,Jeans,H&M,Women's Fashion,67.0,2.0,Green,S
58,322.0,Shoes,H&M,Kids' Fashion,18.0,2.0,Red,M
98,50.0,T-shirt,H&M,Women's Fashion,38.0,3.0,Blue,L
39,888.0,Sweater,Gucci,Kids' Fashion,73.0,5.0,Blue,S
22,110.0,Sweater,Gucci,Women's Fashion,33.0,5.0,Blue,XL
35,981.0,Shoes,Nike,Women's Fashion,97.0,3.0,White,XL
28,409.0,Shoes,,,26.0,,Red,S
80,,,Gucci,Kids' Fashion,34.0,,Green,
4,962.0,Shoes,Adidas,Women's Fashion,97.0,3.0,Green,L
69,11.0,T-shirt,Adidas,Men's Fashion,51.0,1.0,Red,S
61,502.0,Dress,Zara,Kids' Fashion,33.0,5.0,Blue,M
51,524.0,T-shirt,Nike,Kids' Fashion,47.0,2.0,Black,S
4,662.0,Dress,Nike,Women's Fashion,14.0,3.0,Black,S
15,71.0,Sweater,Adidas,Women's Fashion,35.0,5.0,White,M
44,137.0,Dress,Gucci,Kids' Fashion,90.0,3.0,Green,S
61,627.0,T-shirt,Adidas,Men's Fashion,94.0,2.0,Green,M
68,262.0,Jeans,Gucci,Women's Fashion,94.0,4.0,Blue,S
22,362.0,Jeans,Adidas,Men's Fashion,15.0,1.0,Red,S
36,399.0,Dress,Adidas,Men's Fashion,37.0,3.0,Yellow,L
29,343.0,T-shirt,Gucci,Women's Fashion,91.0,5.0,Yellow,XL
9,437.0,Shoes,Gucci,Men's Fashion,96.0,3.0,Green,XL
50,531.0,Dress,H&M,Women's Fashion,45.0,3.0,Green,L
60,333.0,Dress,H&M,Kids' Fashion,70.0,2.0,Yellow,M
54,140.0,Shoes,Zara,Kids' Fashion,40.0,2.0,Green,M
35,882.0,Sweater,Gucci,Women's Fashion,57.0,2.0,Yellow,XL
35,760.0,Jeans,Nike,Women's Fashion,57.0,3.0,Green,S
97,313.0,Shoes,H&M,Women's Fashion,76.0,5.0,Green,XL
40,925.0,Sweater,H&M,Women's Fashion,69.0,3.0,Blue,S
46,142.0,Shoes,Nike,Men's Fashion,38.0,4.0,White,XL
99,679.0,Jeans,Adidas,Kids' Fashion,19.0,1.0,Yellow,L
37,,,Nike,Men's Fashion,19.0,,White,M
73,718.0,T-shirt,Zara,Women's Fashion,30.0,1.0,White,L
4,949.0,T-shirt,Zara,Kids' Fashion,96.0,4.0,Green,M
10,89.0,Dress,Gucci,Men's Fashion,66.0,4.0,White,L
52,843.0,Shoes,Nike,Kids' Fashion,91.0,3.0,Red,M
73,306.0,T-shirt,Gucci,Men's Fashion,23.0,3.0,Black,XL
71,102.0,Sweater,Gucci,Kids' Fashion,19.0,4.0,Red,S
55,311.0,Jeans,Nike,Men's Fashion,55.0,5.0,Black,L
75,860.0,Dress,Nike,Kids' Fashion,43.0,4.0,Blue,S
43,452.0,Jeans,H&M,Kids' Fashion,11.0,4.0,Green,XL
18,97.0,Jeans,Gucci,Men's Fashion,52.0,4.0,Green,L
78,815.0,Sweater,Zara,Women's Fashion,16.0,3.0,Black,S
28,793.0,T-shirt,Zara,Kids' Fashion,82.0,1.0,Black,XL
36,31.0,Jeans,H&M,Kids' Fashion,37.0,3.0,Blue,S
10,159.0,Jeans,Nike,Kids' Fashion,50.0,2.0,Green,S
5,689.0,Jeans,H&M,Kids' Fashion,32.0,3.0,Black,L
78,55.0,Sweater,Adidas,Kids' Fashion,76.0,3.0,Red,S
64,24.0,Jeans,Zara,Women's Fashion,15.0,2.0,Yellow,XL
28,612.0,Shoes,Zara,Men's Fashion,27.0,2.0,Blue,XL
68,740.0,Dress,Nike,Women's Fashion,72.0,4.0,White,XL
46,645.0,T-shirt,Zara,Kids' Fashion,98.0,5.0,Black,S
9,634.0,Shoes,Nike,Kids' Fashion,27.0,1.0,Yellow,S
7,602.0,Sweater,Zara,Women's Fashion,11.0,4.0,White,L
54,179.0,Shoes,Adidas,Kids' Fashion,53.0,1.0,Blue,M
57,4.0,Shoes,Zara,Men's Fashion,23.0,1.0,White,S
4,278.0,Jeans,Gucci,Men's Fashion,98.0,3.0,Black,L
97,594.0,Sweater,Nike,Kids' Fashion,86.0,4.0,Yellow,S
9,293.0,Sweater,Nike,Men's Fashion,96.0,3.0,Black,XL
69,299.0,Shoes,Gucci,Kids' Fashion,21.0,3.0,Green,S
51,817.0,T-shirt,Adidas,Kids' Fashion,15.0,1.0,Black,XL
54,874.0,Dress,Gucci,Kids' Fashion,45.0,4.0,Yellow,XL
93,232.0,Jeans,Zara,Men's Fashion,49.0,1.0,Red,S
6,211.0,Jeans,Zara,Women's Fashion,50.0,3.0,Green,L
52,459.0,Dress,Adidas,Kids' Fashion,10.0,2.0,Black,S
92,924.0,Sweater,Nike,Men's Fashion,80.0,4.0,Black,M
16,933.0,Sweater,Adidas,Kids' Fashion,76.0,3.0,Blue,L
44,227.0,Dress,,Kids' Fashion,20.0,4.0,Red,S
89,406.0,Shoes,Nike,Men's Fashion,54.0,2.0,Black,L
50,64.0,Shoes,Gucci,Kids' Fashion,72.0,2.0,Red,M
25,320.0,Sweater,H&M,Kids' Fashion,86.0,3.0,Yellow,L
83,469.0,Dress,Nike,Women's Fashion,95.0,5.0,Yellow,XL
47,441.0,Sweater,Adidas,Men's Fashion,50.0,2.0,Black,XL
52,101.0,Jeans,Zara,Women's Fashion,95.0,2.0,Green,XL
1,337.0,Shoes,Nike,Women's Fashion,80.0,2.0,White,L
42,451.0,T-shirt,Adidas,Kids' Fashion,69.0,3.0,Green,XL
28,409.0,Shoes,Nike,Kids' Fashion,26.0,2.0,Red,S
80,108.0,Sweater,Gucci,Men's Fashion,13.0,4.0,Green,L
62,169.0,Shoes,Zara,Men's Fashion,98.0,1.0,Black,XL
84,40.0,Dress,Zara,Women's Fashion,26.0,2.0,Black,XL
39,199.0,T-shirt,Zara,Women's Fashion,15.0,5.0,Black,M
10,238.0,Shoes,Adidas,Kids' Fashion,47.0,2.0,White,XL
76,576.0,T-shirt,H&M,Women's Fashion,26.0,3.0,White,S
8,193.0,T-shirt,H&M,Women's Fashion,60.0,3.0,White,L
32,705.0,Dress,Nike,Kids' Fashion,67.0,2.0,Black,L
82,724.0,Shoes,Adidas,Women's Fashion,57.0,3.0,Yellow,S
84,67.0,Jeans,Gucci,Women's Fashion,41.0,4.0,Green,M
43,68.0,T-shirt,Gucci,Women's Fashion,76.0,4.0,Red,S
13,921.0,Jeans,Gucci,Men's Fashion,24.0,3.0,Green,S
50,498.0,Dress,Zara,Men's Fashion,59.0,3.0,Yellow,XL
59,214.0,Dress,Adidas,Women's Fashion,98.0,2.0,Yellow,XL
19,831.0,Jeans,Gucci,Kids' Fashion,37.0,3.0,Black,S
15,835.0,T-shirt,Nike,Kids' Fashion,84.0,3.0,Yellow,XL
22,650.0,Dress,Gucci,Women's Fashion,99.0,4.0,Green,M
52,351.0,Jeans,Nike,Women's Fashion,95.0,4.0,Red,XL
61,862.0,Sweater,Adidas,Kids' Fashion,14.0,2.0,Blue,S
26,603.0,Dress,Zara,Kids' Fashion,13.0,2.0,Black,S
6,559.0,Shoes,Gucci,Women's Fashion,10.0,4.0,Red,XL
34,878.0,Sweater,Nike,Women's Fashion,59.0,4.0,Yellow,XL
34,788.0,Jeans,Adidas,Kids' Fashion,74.0,3.0,Red,S
82,976.0,Dress,,Kids' Fashion,42.0,,White,M
13,746.0,Shoes,Gucci,Kids' Fashion,21.0,1.0,Black,S
37,309.0,Jeans,Gucci,Kids' Fashion,17.0,4.0,Black,S
100,707.0,Dress,Adidas,Women's Fashion,68.0,4.0,Green,M
61,405.0,Jeans,Adidas,Women's Fashion,30.0,3.0,Blue,S
25,3.0,Dress,Adidas,Women's Fashion,44.0,3.0,Yellow,XL
46,431.0,Jeans,H&M,Kids' Fashion,18.0,3.0,Green,S
68,545.0,Shoes,Zara,Men's Fashion,82.0,2.0,Red,XL
71,771.0,T-shirt,Zara,Men's Fashion,82.0,2.0,Red,XL
97,345.0,Shoes,H&M,Kids' Fashion,67.0,1.0,Yellow,S
28,980.0,T-shirt,H&M,Kids' Fashion,50.0,5.0,Blue,XL
77,987.0,Shoes,H&M,Women's Fashion,42.0,3.0,Red,M
77,785.0,T-shirt,H&M,Men's Fashion,57.0,1.0,Red,S
92,484.0,Sweater,Gucci,Men's Fashion,47.0,2.0,Red,XL
89,916.0,Sweater,Nike,Men's Fashion,91.0,3.0,Black,M
66,358.0,Shoes,Adidas,Men's Fashion,55.0,1.0,Blue,XL
2,558.0,Jeans,Adidas,Women's Fashion,23.0,2.0,Red,XL
38,586.0,Sweater,Nike,Kids' Fashion,99.0,2.0,Yellow,M
78,722.0,Dress,Adidas,Women's Fashion,73.0,4.0,Blue,L
21,965.0,Sweater,Nike,Men's Fashion,55.0,4.0,Yellow,S
25,881.0,Shoes,H&M,Men's Fashion,20.0,3.0,Red,XL
78,219.0,Dress,H&M,Women's Fashion,97.0,2.0,Green,S
42,360.0,Sweater,H&M,Women's Fashion,24.0,2.0,Black,XL
63,754.0,Jeans,Gucci,Kids' Fashion,79.0,2.0,Red,L
79,548.0,Sweater,Zara,Kids' Fashion,65.0,1.0,Red,M
83,248.0,Sweater,Zara,Kids' Fashion,81.0,4.0,Red,M
12,768.0,Shoes,H&M,Women's Fashion,95.0,5.0,White,M
27,903.0,Sweater,Nike,Women's Fashion,99.0,2.0,Yellow,M
62,307.0,Dress,Zara,Men's Fashion,11.0,4.0,Yellow,S
19,107.0,Sweater,Zara,Men's Fashion,23.0,3.0,Red,L
80,988.0,T-shirt,H&M,Men's Fashion,56.0,3.0,Blue,XL
24,56.0,Dress,Nike,Women's Fashion,53.0,2.0,White,XL
95,121.0,T-shirt,Gucci,Men's Fashion,96.0,2.0,Red,M
33,801.0,Jeans,Zara,Men's Fashion,39.0,4.0,Black,XL
26,26.0,Dress,Gucci,Women's Fashion,21.0,5.0,Green,S
98,73.0,T-shirt,Gucci,Men's Fashion,34.0,3.0,Red,M
36,210.0,Jeans,Adidas,Women's Fashion,42.0,2.0,Yellow,M
60,45.0,Jeans,Gucci,Women's Fashion,85.0,5.0,Red,L
90,315.0,Jeans,Nike,Kids' Fashion,56.0,1.0,White,XL
3,867.0,Jeans,Nike,Men's Fashion,90.0,4.0,Black,S
34,654.0,Shoes,Zara,Kids' Fashion,42.0,4.0,Blue,S
49,329.0,Jeans,Nike,Women's Fashion,56.0,4.0,Blue,XL
37,926.0,Dress,Zara,Women's Fashion,73.0,2.0,Blue,L
41,352.0,Dress,H&M,Men's Fashion,71.0,2.0,Green,XL
2,957.0,Jeans,Nike,Men's Fashion,57.0,5.0,White,L
10,636.0,Shoes,Gucci,Kids' Fashion,96.0,5.0,Yellow,L
48,715.0,Shoes,Nike,Women's Fashion,84.0,5.0,Yellow,L
65,371.0,Dress,Nike,Women's Fashion,33.0,1.0,White,XL
9,686.0,Jeans,H&M,Women's Fashion,75.0,3.0,Green,M
9,811.0,Jeans,Gucci,Kids' Fashion,63.0,2.0,White,M
26,539.0,T-shirt,Nike,Kids' Fashion,10.0,3.0,Blue,L
44,615.0,T-shirt,Nike,Kids' Fashion,67.0,3.0,Red,L
1,465.0,T-shirt,Gucci,Women's Fashion,17.0,1.0,White,M
8,999.0,T-shirt,Zara,Women's Fashion,68.0,3.0,Blue,S
72,363.0,Jeans,Nike,Kids' Fashion,33.0,3.0,Yellow,L
54,544.0,T-shirt,Nike,Women's Fashion,77.0,4.0,Red,L
51,618.0,Shoes,Gucci,Kids' Fashion,85.0,5.0,Green,L
63,61.0,Shoes,Adidas,Women's Fashion,25.0,1.0,Yellow,M
59,842.0,Jeans,Adidas,Men's Fashion,44.0,3.0,White,XL
51,51.0,Jeans,Adidas,Women's Fashion,,4.0,Yellow,XL
33,93.0,Shoes,Nike,Men's Fashion,70.0,5.0,White,S
34,635.0,Jeans,Adidas,Women's Fashion,29.0,2.0,Yellow,XL
97,382.0,T-shirt,Gucci,Men's Fashion,93.0,4.0,Yellow,M
37,507.0,T-shirt,Zara,Women's Fashion,85.0,4.0,White,XL
98,694.0,T-shirt,Adidas,Kids' Fashion,51.0,2.0,Red,L
74,875.0,Jeans,Adidas,Kids' Fashion,52.0,3.0,Black,L
72,854.0,T-shirt,Adidas,Kids' Fashion,83.0,4.0,Green,M
4,973.0,Jeans,H&M,Kids' Fashion,20.0,4.0,Red,L
64,632.0,Dress,Zara,Kids' Fashion,66.0,4.0,Yellow,M
27,245.0,Dress,H&M,Women's Fashion,15.0,2.0,Black,S
76,347.0,Dress,H&M,Men's Fashion,18.0,1.0,Blue,XL
87,353.0,Sweater,Nike,Women's Fashion,78.0,3.0,Blue,M
73,276.0,Jeans,Nike,Men's Fashion,43.0,1.0,Yellow,M
51,266.0,Jeans,Gucci,Kids' Fashion,62.0,2.0,White,XL
42,308.0,Jeans,Adidas,Men's Fashion,60.0,4.0,Yellow,S
83,919.0,Shoes,Adidas,Women's Fashion,96.0,3.0,Red,S
77,529.0,Shoes,Gucci,Women's Fashion,59.0,2.0,White,L
1,515.0,Dress,Nike,Kids' Fashion,64.0,4.0,White,S
99,111.0,Shoes,Zara,Women's Fashion,55.0,2.0,Green,M
20,737.0,T-shirt,Adidas,Kids' Fashion,78.0,1.0,Blue,S
26,579.0,Shoes,Gucci,Women's Fashion,57.0,5.0,White,XL
24,535.0,Jeans,Nike,Women's Fashion,87.0,1.0,Red,L
81,696.0,Sweater,Adidas,Men's Fashion,39.0,5.0,Green,XL
40,534.0,Dress,Adidas,Kids' Fashion,94.0,5.0,Yellow,M
5,449.0,Shoes,H&M,Men's Fashion,82.0,5.0,Black,XL
39,295.0,Dress,H&M,Kids' Fashion,56.0,2.0,Black,XL
3,300.0,Shoes,Adidas,Kids' Fashion,57.0,5.0,White,S
32,825.0,T-shirt,Zara,Men's Fashion,12.0,2.0,White,M
39,759.0,Shoes,Gucci,Kids' Fashion,65.0,2.0,Black,S
20,996.0,Shoes,Zara,Women's Fashion,55.0,2.0,Black,M
71,750.0,Shoes,Nike,Kids' Fashion,57.0,4.0,Red,L
89,665.0,T-shirt,H&M,Women's Fashion,25.0,3.0,Red,S
23,571.0,Jeans,Nike,Men's Fashion,23.0,3.0,Red,M
3,291.0,Dress,H&M,Women's Fashion,64.0,5.0,White,XL
39,775.0,Dress,H&M,Men's Fashion,60.0,3.0,White,M
16,138.0,Dress,H&M,Women's Fashion,23.0,2.0,Yellow,S
48,410.0,Jeans,H&M,Kids' Fashion,64.0,5.0,Green,XL
18,421.0,T-shirt,Nike,Kids' Fashion,89.0,2.0,White,M
54,742.0,Dress,H&M,Men's Fashion,85.0,3.0,Yellow,L
68,797.0,Sweater,H&M,Kids' Fashion,62.0,1.0,Red,XL
71,287.0,T-shirt,Zara,Kids' Fashion,62.0,5.0,Blue,XL
29,592.0,Jeans,Nike,Kids' Fashion,47.0,2.0,Yellow,M
78,848.0,Shoes,Nike,Kids' Fashion,31.0,4.0,White,L
20,30.0,Sweater,Nike,Kids' Fashion,99.0,3.0,Green,XL
50,261.0,Dress,Zara,Men's Fashion,49.0,3.0,Yellow,S
26,79.0,T-shirt,Nike,Men's Fashion,11.0,1.0,Red,L
87,216.0,Shoes,Gucci,Kids' Fashion,57.0,4.0,White,M
22,789.0,Jeans,Nike,Women's Fashion,99.0,3.0,Yellow,XL
100,166.0,Sweater,Adidas,Kids' Fashion,96.0,5.0,White,L
34,249.0,Jeans,H&M,Kids' Fashion,41.0,2.0,Black,XL
65,786.0,T-shirt,H&M,Kids' Fashion,73.0,4.0,White,L
79,100.0,,Adidas,Kids' Fashion,84.0,2.0,Red,
27,514.0,Dress,Adidas,Kids' Fashion,47.0,3.0,White,M
25,335.0,Sweater,Gucci,Men's Fashion,88.0,3.0,Red,XL
79,598.0,Shoes,Gucci,Women's Fashion,77.0,1.0,Yellow,XL
29,927.0,T-shirt,Adidas,Men's Fashion,71.0,5.0,White,XL
87,66.0,Sweater,H&M,Kids' Fashion,59.0,5.0,Red,XL
7,366.0,Dress,Nike,Women's Fashion,29.0,4.0,Yellow,L
23,978.0,T-shirt,Zara,Men's Fashion,98.0,4.0,Black,M
74,255.0,T-shirt,H&M,Kids' Fashion,81.0,3.0,Green,M
57,709.0,T-shirt,Adidas,Men's Fashion,53.0,2.0,White,XL
91,820.0,T-shirt,Nike,Women's Fashion,49.0,3.0,White,L
77,222.0,Dress,Adidas,Kids' Fashion,36.0,1.0,Yellow,S
40,236.0,Shoes,Zara,Men's Fashion,44.0,2.0,White,S
14,495.0,Jeans,Nike,Women's Fashion,78.0,1.0,Blue,S
82,523.0,Sweater,Gucci,Women's Fashion,71.0,1.0,Black,S
30,297.0,Sweater,Gucci,Kids' Fashion,14.0,2.0,Blue,XL
65,581.0,Sweater,Zara,Men's Fashion,83.0,5.0,Red,L
100,959.0,Sweater,H&M,Kids' Fashion,45.0,3.0,Yellow,XL
68,250.0,Dress,H&M,Women's Fashion,21.0,3.0,Yellow,XL
40,600.0,T-shirt,Adidas,Men's Fashion,97.0,1.0,Yellow,M
75,448.0,Shoes,Gucci,Kids' Fashion,53.0,2.0,Green,M
94,72.0,T-shirt,H&M,Women's Fashion,51.0,3.0,Yellow,M
62,95.0,Shoes,Gucci,Women's Fashion,58.0,2.0,Blue,S
31,34.0,Jeans,H&M,Men's Fashion,80.0,4.0,Black,S
34,260.0,Dress,Adidas,Kids' Fashion,59.0,4.0,Green,S
41,205.0,T-shirt,H&M,Men's Fashion,73.0,3.0,Yellow,XL
62,814.0,Sweater,Zara,Women's Fashion,48.0,3.0,Yellow,XL
48,799.0,Shoes,Adidas,Men's Fashion,20.0,2.0,Yellow,XL
93,356.0,Dress,Zara,Kids' Fashion,68.0,4.0,Black,S
9,78.0,T-shirt,Nike,Men's Fashion,76.0,1.0,White,XL
84,85.0,Shoes,Nike,Women's Fashion,89.0,1.0,Yellow,XL
80,334.0,Sweater,Zara,Men's Fashion,16.0,2.0,Yellow,L
69,83.0,Shoes,Nike,Women's Fashion,49.0,1.0,Blue,L
44,434.0,T-shirt,Zara,Kids' Fashion,22.0,2.0,Yellow,M
60,658.0,Jeans,Adidas,Women's Fashion,40.0,3.0,Green,L
20,458.0,T-shirt,Gucci,Kids' Fashion,18.0,1.0,Black,L
40,468.0,Dress,Zara,Women's Fashion,,,,S
89,614.0,Sweater,Gucci,Men's Fashion,47.0,1.0,Green,L
1,479.0,Sweater,Nike,Men's Fashion,51.0,1.0,Green,XL
3,324.0,Sweater,Gucci,Men's Fashion,18.0,5.0,Black,XL
98,6.0,Dress,Adidas,Men's Fashion,47.0,1.0,Yellow,L
24,463.0,Dress,Adidas,Men's Fashion,25.0,3.0,Blue,M
35,105.0,Jeans,Zara,Women's Fashion,52.0,2.0,Yellow,L
44,98.0,Sweater,Gucci,Kids' Fashion,61.0,4.0,Black,XL
61,310.0,Jeans,H&M,Men's Fashion,83.0,4.0,White,XL
100,425.0,Jeans,Nike,Men's Fashion,96.0,4.0,Blue,XL
66,412.0,Shoes,Nike,Kids' Fashion,63.0,3.0,Black,XL
63,940.0,T-shirt,Gucci,Kids' Fashion,77.0,4.0,White,XL
18,282.0,Jeans,Nike,Men's Fashion,75.0,1.0,Black,M
25,267.0,Jeans,Adidas,Women's Fashion,53.0,4.0,Black,S
85,482.0,Dress,Gucci,Women's Fashion,97.0,4.0,Yellow,M
5,680.0,Dress,Nike,Women's Fashion,55.0,4.0,Red,XL
9,596.0,Dress,H&M,Women's Fashion,35.0,4.0,Black,L
51,990.0,T-shirt,Gucci,Men's Fashion,16.0,3.0,Yellow,S
49,930.0,T-shirt,Adidas,Women's Fashion,31.0,3.0,White,M
14,849.0,Dress,Nike,Kids' Fashion,60.0,4.0,Green,S
10,119.0,Jeans,Nike,Men's Fashion,73.0,3.0,Yellow,S
25,713.0,Jeans,Gucci,Men's Fashion,75.0,4.0,Blue,XL
46,251.0,Jeans,Gucci,Kids' Fashion,87.0,2.0,White,L
100,669.0,Shoes,Adidas,Women's Fashion,66.0,3.0,White,L
10,553.0,Shoes,Adidas,Men's Fashion,90.0,1.0,Green,XL
32,381.0,Shoes,H&M,Men's Fashion,23.0,3.0,Green,S
36,10.0,T-shirt,Zara,Kids' Fashion,55.0,4.0,White,XL
63,372.0,Dress,Nike,Men's Fashion,41.0,2.0,White,S
48,197.0,Jeans,Nike,Kids' Fashion,90.0,2.0,Yellow,XL
64,644.0,Shoes,H&M,Kids' Fashion,79.0,1.0,White,M
100,82.0,Dress,H&M,Kids' Fashion,31.0,5.0,Blue,S
10,433.0,Jeans,H&M,Men's Fashion,59.0,4.0,Yellow,M
98,528.0,Shoes,Zara,Men's Fashion,33.0,3.0,Black,M
66,757.0,Shoes,Gucci,Kids' Fashion,61.0,4.0,Black,L
27,240.0,Dress,H&M,Men's Fashion,10.0,2.0,Black,L
6,704.0,T-shirt,Adidas,Kids' Fashion,38.0,5.0,Green,M
24,212.0,T-shirt,Adidas,Women's Fashion,71.0,3.0,White,S
71,763.0,T-shirt,Nike,Men's Fashion,25.0,2.0,Green,S
13,414.0,Dress,Zara,Kids' Fashion,63.0,2.0,Black,XL
27,514.0,Dress,Adidas,Kids' Fashion,47.0,3.0,White,M
66,228.0,Shoes,H&M,Men's Fashion,15.0,2.0,Green,S
45,910.0,Sweater,Adidas,Kids' Fashion,34.0,1.0,Green,S
11,426.0,Jeans,Zara,Men's Fashion,48.0,5.0,Black,L
66,845.0,Sweater,Gucci,Men's Fashion,92.0,2.0,Green,M
93,178.0,Jeans,Nike,Women's Fashion,26.0,2.0,Red,XL
89,993.0,Shoes,H&M,Women's Fashion,33.0,4.0,Yellow,S
92,450.0,Shoes,Nike,Kids' Fashion,59.0,4.0,Black,XL
36,526.0,Jeans,Zara,Women's Fashion,70.0,3.0,Red,L
12,527.0,T-shirt,Nike,Kids' Fashion,31.0,4.0,Yellow,M
41,537.0,Jeans,Nike,Men's Fashion,68.0,2.0,Red,M
52,424.0,Shoes,Adidas,Women's Fashion,45.0,3.0,Yellow,M
63,8.0,Sweater,Zara,Kids' Fashion,64.0,4.0,Blue,XL
92,156.0,T-shirt,Adidas,Women's Fashion,21.0,1.0,Red,L
41,577.0,T-shirt,H&M,Women's Fashion,66.0,2.0,White,M
90,885.0,T-shirt,Zara,Kids' Fashion,94.0,3.0,White,XL
15,330.0,T-shirt,Zara,Men's Fashion,26.0,2.0,Blue,M
32,532.0,Shoes,Zara,Men's Fashion,21.0,2.0,Blue,L
65,823.0,T-shirt,H&M,Kids' Fashion,77.0,3.0,White,L
35,826.0,Shoes,Adidas,Women's Fashion,92.0,5.0,Red,S
74,604.0,T-shirt,Gucci,Men's Fashion,10.0,4.0,Yellow,S
18,829.0,Dress,Adidas,Men's Fashion,19.0,4.0,Black,XL
80,616.0,Dress,Zara,Women's Fashion,98.0,5.0,Red,M
42,992.0,T-shirt,Gucci,Women's Fashion,91.0,5.0,Black,M
92,605.0,Jeans,Adidas,Women's Fashion,62.0,3.0,Red,S
77,478.0,T-shirt,H&M,Women's Fashion,12.0,1.0,Green,L
5,809.0,Jeans,Adidas,Men's Fashion,22.0,3.0,White,XL
17,621.0,Shoes,H&M,Men's Fashion,72.0,3.0,Yellow,S
17,753.0,Jeans,Zara,Kids' Fashion,86.0,4.0,Yellow,S
87,905.0,Jeans,Nike,Women's Fashion,83.0,1.0,Red,XL
16,164.0,T-shirt,Nike,Men's Fashion,68.0,3.0,Red,L
81,229.0,Shoes,Adidas,Kids' Fashion,65.0,2.0,Red,XL
54,865.0,Jeans,Gucci,Women's Fashion,80.0,2.0,Yellow,M
77,979.0,T-shirt,Nike,Men's Fashion,96.0,2.0,Blue,S
76,213.0,Jeans,Zara,Women's Fashion,80.0,5.0,Yellow,XL
71,80.0,Jeans,Nike,Kids' Fashion,21.0,3.0,Red,XL
95,149.0,Jeans,Adidas,Women's Fashion,56.0,4.0,Green,M
11,303.0,Jeans,Gucci,Women's Fashion,94.0,4.0,White,XL
51,389.0,T-shirt,Zara,Women's Fashion,91.0,2.0,White,XL
28,519.0,Sweater,Adidas,Women's Fashion,29.0,3.0,Blue,XL
35,542.0,Dress,Adidas,Men's Fashion,92.0,4.0,Red,S
67,890.0,T-shirt,H&M,Men's Fashion,42.0,1.0,Black,M
78,44.0,Jeans,Nike,Kids' Fashion,74.0,2.0,White,M
66,391.0,Dress,Gucci,Women's Fashion,25.0,4.0,Blue,M
23,134.0,Sweater,Zara,Women's Fashion,60.0,4.0,Yellow,S
11,716.0,Shoes,Adidas,Men's Fashion,68.0,4.0,Red,S
41,312.0,Jeans,Zara,Men's Fashion,45.0,3.0,White,S
55,491.0,Dress,Zara,Kids' Fashion,42.0,3.0,Black,M
91,1000.0,Shoes,Adidas,Women's Fashion,79.0,3.0,White,L
61,697.0,T-shirt,Nike,Women's Fashion,99.0,5.0,Green,L
59,837.0,Shoes,Nike,Kids' Fashion,50.0,2.0,Black,M
19,1.0,Dress,Adidas,Men's Fashion,40.0,1.0,Black,XL
54,494.0,Sweater,Zara,Kids' Fashion,82.0,5.0,Green,M
32,383.0,Jeans,H&M,Men's Fashion,86.0,3.0,Black,L
55,317.0,Dress,Adidas,Women's Fashion,23.0,4.0,Red,XL
25,766.0,Jeans,Zara,Men's Fashion,40.0,4.0,Green,M
71,584.0,T-shirt,Gucci,Women's Fashion,17.0,3.0,Black,S
89,866.0,Shoes,H&M,Men's Fashion,66.0,5.0,White,S
61,568.0,Sweater,Gucci,Kids' Fashion,20.0,3.0,Red,L
60,991.0,Shoes,Nike,Kids' Fashion,25.0,5.0,Red,L
57,429.0,Shoes,Gucci,Women's Fashion,94.0,4.0,Black,XL
98,173.0,Dress,Nike,Kids' Fashion,21.0,3.0,Yellow,S
65,126.0,T-shirt,Nike,Kids' Fashion,55.0,5.0,Green,M
50,454.0,Shoes,Zara,Kids' Fashion,47.0,4.0,White,L
86,483.0,T-shirt,Zara,Women's Fashion,75.0,3.0,Black,XL
71,589.0,T-shirt,Adidas,Women's Fashion,99.0,1.0,Red,L
87,21.0,Jeans,H&M,,56.0,3.0,Yellow,S
90,91.0,Jeans,H&M,Kids' Fashion,85.0,3.0,Green,XL
42,997.0,Sweater,Nike,Kids' Fashion,13.0,2.0,Green,L
39,182.0,Jeans,Zara,Men's Fashion,68.0,4.0,Yellow,L
60,364.0,Jeans,Nike,Kids' Fashion,65.0,2.0,Black,M
58,275.0,Jeans,Nike,Men's Fashion,93.0,4.0,Green,XL
4,950.0,T-shirt,Zara,Men's Fashion,86.0,2.0,Green,L
6,70.0,Dress,Gucci,Women's Fashion,36.0,3.0,Yellow,M
91,292.0,T-shirt,Nike,Men's Fashion,63.0,3.0,Green,S
100,132.0,Sweater,Adidas,Women's Fashion,10.0,3.0,White,M
66,301.0,Shoes,Adidas,Kids' Fashion,93.0,2.0,Yellow,M
72,508.0,Dress,Gucci,Men's Fashion,25.0,4.0,Blue,M
95,327.0,Dress,Adidas,Kids' Fashion,72.0,5.0,White,L
34,145.0,T-shirt,Zara,Kids' Fashion,60.0,5.0,Green,S
69,486.0,Jeans,Adidas,Women's Fashion,69.0,1.0,Yellow,L
1,844.0,Sweater,Zara,Kids' Fashion,11.0,3.0,Blue,M
2,850.0,T-shirt,Nike,Kids' Fashion,73.0,1.0,Yellow,L
34,136.0,Shoes,Zara,Men's Fashion,45.0,1.0,Blue,XL
40,468.0,Dress,Zara,Women's Fashion,38.0,1.0,White,S
34,165.0,Jeans,Gucci,Women's Fashion,67.0,2.0,White,XL
98,29.0,Shoes,Gucci,Women's Fashion,85.0,5.0,Yellow,M
52,599.0,T-shirt,H&M,Men's Fashion,80.0,4.0,Green,S
56,194.0,Sweater,Adidas,Women's Fashion,92.0,4.0,White,S
18,446.0,Shoes,Adidas,Kids' Fashion,91.0,1.0,Black,L
99,679.0,Jeans,Adidas,Kids' Fashion,19.0,1.0,Yellow,L
6,585.0,Jeans,Adidas,Women's Fashion,68.0,4.0,Yellow,M
50,170.0,Sweater,Gucci,Men's Fashion,20.0,3.0,Yellow,M
82,536.0,Dress,H&M,Kids' Fashion,18.0,3.0,Yellow,S
58,141.0,Jeans,Nike,Women's Fashion,28.0,4.0,Yellow,L
82,174.0,Jeans,Adidas,Kids' Fashion,80.0,3.0,Black,M
16,7.0,Jeans,Gucci,Men's Fashion,37.0,1.0,White,XL
75,683.0,Jeans,Gucci,Men's Fashion,31.0,2.0,White,XL
7,530.0,Shoes,Adidas,Kids' Fashion,71.0,3.0,Black,M
44,693.0,Shoes,Nike,Men's Fashion,62.0,3.0,Green,L
6,74.0,Dress,Zara,Women's Fashion,68.0,3.0,White,XL
83,899.0,Shoes,Gucci,Men's Fashion,85.0,2.0,Red,XL
29,517.0,,Gucci,Men's Fashion,74.0,3.0,Blue,M
33,239.0,Shoes,Gucci,Kids' Fashion,93.0,4.0,White,L
75,146.0,Shoes,Adidas,Women's Fashion,53.0,3.0,Yellow,M
5,906.0,Shoes,Nike,Kids' Fashion,23.0,3.0,Yellow,M
61,235.0,Shoes,Zara,Women's Fashion,50.0,2.0,Green,L
68,221.0,T-shirt,Adidas,Men's Fashion,49.0,3.0,Black,L
49,215.0,T-shirt,Adidas,Men's Fashion,49.0,4.0,Yellow,S
85,963.0,Shoes,H&M,Men's Fashion,21.0,4.0,Black,XL
29,133.0,Shoes,H&M,Kids' Fashion,28.0,2.0,Blue,XL
75,860.0,Dress,Nike,Kids' Fashion,43.0,4.0,Blue,S
19,617.0,Jeans,Adidas,Kids' Fashion,77.0,2.0,Black,XL
82,846.0,T-shirt,Nike,Kids' Fashion,26.0,4.0,Yellow,M
56,423.0,Jeans,Adidas,Men's Fashion,83.0,5.0,Black,M
16,186.0,Jeans,Adidas,Men's Fashion,56.0,2.0,Blue,L
43,42.0,Shoes,Zara,Kids' Fashion,43.0,2.0,Red,S
35,651.0,Shoes,Gucci,Men's Fashion,16.0,1.0,Yellow,XL
77,109.0,Jeans,Nike,Kids' Fashion,73.0,3.0,Black,XL
8,717.0,Sweater,Nike,Women's Fashion,34.0,4.0,Yellow,M
99,57.0,Sweater,Adidas,Women's Fashion,52.0,4.0,Red,M
17,708.0,T-shirt,Nike,Kids' Fashion,76.0,4.0,Black,M
46,,,Gucci,Kids' Fashion,89.0,2.0,,XL
59,994.0,Sweater,H&M,Men's Fashion,89.0,4.0,Green,L
11,914.0,T-shirt,H&M,Kids' Fashion,46.0,4.0,Red,L
27,436.0,T-shirt,Zara,Kids' Fashion,99.0,3.0,Black,XL
65,25.0,Sweater,H&M,Kids' Fashion,38.0,1.0,Green,S
9,480.0,Dress,Nike,Men's Fashion,70.0,2.0,Blue,XL
96,583.0,Dress,H&M,Kids' Fashion,64.0,4.0,Green,L
54,,,Nike,,,2.0,Blue,L
8,671.0,Dress,Adidas,Women's Fashion,16.0,3.0,Blue,L
63,892.0,T-shirt,Adidas,Women's Fashion,62.0,4.0,Blue,M
70,984.0,Dress,Gucci,Men's Fashion,64.0,3.0,Green,XL
46,339.0,Dress,Gucci,Women's Fashion,74.0,2.0,White,M
80,52.0,Dress,Nike,Kids' Fashion,59.0,4.0,Red,S
90,384.0,Sweater,H&M,Kids' Fashion,84.0,1.0,Black,L
57,550.0,T-shirt,Nike,Men's Fashion,69.0,3.0,Yellow,L
22,650.0,Dress,,Women's Fashion,,,Green,
2,674.0,Shoes,Adidas,Kids' Fashion,72.0,2.0,Green,L
50,982.0,Jeans,Nike,Kids' Fashion,11.0,4.0,Green,S
8,265.0,T-shirt,H&M,Kids' Fashion,60.0,3.0,Blue,XL
80,573.0,Shoes,Zara,Kids' Fashion,78.0,3.0,White,L
37,756.0,Jeans,Adidas,Men's Fashion,34.0,2.0,Black,XL
61,951.0,Sweater,Nike,Kids' Fashion,62.0,3.0,Black,L
38,445.0,Sweater,H&M,Kids' Fashion,74.0,4.0,Yellow,L
33,396.0,Shoes,Zara,Men's Fashion,74.0,3.0,Blue,M
2,552.0,Sweater,Adidas,Kids' Fashion,50.0,4.0,Blue,M
56,177.0,Sweater,Nike,Kids' Fashion,12.0,5.0,Yellow,M
84,19.0,Shoes,Gucci,Women's Fashion,54.0,3.0,White,M
86,761.0,Dress,H&M,Men's Fashion,92.0,4.0,Black,L
12,533.0,Shoes,Nike,Kids' Fashion,11.0,5.0,Green,S
35,606.0,Dress,Nike,Women's Fashion,28.0,4.0,White,S
10,619.0,T-shirt,Nike,Women's Fashion,97.0,1.0,Blue,M
60,368.0,Shoes,Nike,Women's Fashion,35.0,2.0,Blue,XL
19,84.0,Sweater,Adidas,Women's Fashion,42.0,3.0,Red,L
54,62.0,T-shirt,Nike,Men's Fashion,66.0,2.0,Blue,L
36,500.0,Shoes,Zara,Women's Fashion,88.0,2.0,Red,M
4,273.0,Dress,Nike,Men's Fashion,29.0,2.0,White,XL
69,286.0,T-shirt,H&M,Kids' Fashion,13.0,3.0,White,XL
78,361.0,Sweater,H&M,Kids' Fashion,62.0,2.0,Blue,XL
59,355.0,Sweater,Nike,Kids' Fashion,43.0,2.0,Red,XL
81,939.0,Jeans,H&M,Men's Fashion,93.0,5.0,White,M
3,279.0,Shoes,Adidas,Kids' Fashion,11.0,2.0,Yellow,M
9,13.0,Jeans,Nike,Kids' Fashion,35.0,2.0,Red,M
20,183.0,Jeans,Zara,Kids' Fashion,67.0,3.0,Black,M
62,369.0,Shoes,Nike,Women's Fashion,96.0,4.0,Green,M
33,637.0,Shoes,Zara,Kids' Fashion,55.0,4.0,Green,S
67,656.0,Jeans,Nike,Men's Fashion,79.0,5.0,White,M
48,224.0,T-shirt,Adidas,Women's Fashion,88.0,2.0,White,L
49,741.0,Shoes,Nike,Women's Fashion,81.0,3.0,Blue,XL
21,744.0,Shoes,Zara,Men's Fashion,97.0,3.0,Black,XL
42,721.0,Shoes,Zara,Kids' Fashion,77.0,2.0,Blue,M
24,582.0,Dress,Zara,Men's Fashion,70.0,2.0,White,M
21,487.0,T-shirt,Adidas,Women's Fashion,62.0,4.0,Blue,XL
15,543.0,Jeans,Gucci,Men's Fashion,86.0,4.0,Yellow,M
30,466.0,Sweater,H&M,Men's Fashion,37.0,1.0,Black,L
30,622.0,T-shirt,Nike,Men's Fashion,45.0,4.0,Red,XL
92,496.0,T-shirt,Adidas,Kids' Fashion,59.0,2.0,Green,L
65,821.0,Dress,H&M,Women's Fashion,30.0,4.0,Blue,XL
77,668.0,Shoes,Zara,Men's Fashion,11.0,2.0,White,S
70,457.0,Jeans,Gucci,Women's Fashion,36.0,2.0,Green,M
77,394.0,T-shirt,Gucci,Men's Fashion,56.0,4.0,Yellow,M
25,676.0,Shoes,Nike,Women's Fashion,11.0,3.0,Black,L
91,714.0,Shoes,Zara,Men's Fashion,35.0,2.0,White,S
16,376.0,Shoes,H&M,Kids' Fashion,22.0,4.0,Green,S
18,413.0,Jeans,Zara,Women's Fashion,21.0,5.0,Green,XL
42,75.0,Dress,H&M,Women's Fashion,86.0,3.0,Blue,S
77,935.0,Sweater,Adidas,Men's Fashion,60.0,2.0,Black,S
20,501.0,Sweater,Adidas,Kids' Fashion,41.0,4.0,Green,S
95,597.0,Jeans,H&M,Men's Fashion,38.0,3.0,Blue,M
37,115.0,Dress,Adidas,Kids' Fashion,64.0,3.0,Blue,L
82,418.0,Jeans,Zara,Men's Fashion,34.0,5.0,Blue,S
2,90.0,Jeans,H&M,Men's Fashion,37.0,4.0,Red,XL
4,977.0,T-shirt,Nike,Men's Fashion,91.0,4.0,Red,XL
21,920.0,T-shirt,Gucci,Women's Fashion,95.0,4.0,Red,M
88,847.0,T-shirt,Gucci,Women's Fashion,10.0,1.0,Green,S
48,732.0,Shoes,Zara,Women's Fashion,28.0,3.0,Blue,S
87,12.0,Sweater,Gucci,Kids' Fashion,91.0,3.0,Yellow,M
100,397.0,Shoes,Zara,Kids' Fashion,94.0,2.0,White,XL
92,569.0,Dress,Nike,Kids' Fashion,55.0,4.0,Blue,XL
91,43.0,T-shirt,Adidas,Men's Fashion,39.0,4.0,White,M
54,168.0,Sweater,Gucci,Women's Fashion,69.0,4.0,Green,XL
58,417.0,Shoes,H&M,Women's Fashion,88.0,3.0,Red,S
66,804.0,T-shirt,Zara,Kids' Fashion,91.0,3.0,Black,M
8,427.0,T-shirt,Zara,Kids' Fashion,15.0,5.0,Yellow,XL
72,936.0,Sweater,Gucci,Men's Fashion,33.0,2.0,White,M
40,,Shoes,Zara,Men's Fashion,,2.0,White,S
26,729.0,Sweater,Gucci,Kids' Fashion,10.0,3.0,Yellow,XL
65,653.0,Dress,Gucci,Kids' Fashion,17.0,5.0,Red,L
86,258.0,Dress,Gucci,Women's Fashion,14.0,4.0,Yellow,S
71,336.0,T-shirt,Nike,Kids' Fashion,28.0,4.0,White,XL
37,16.0,Dress,Adidas,Women's Fashion,27.0,1.0,Blue,S
37,685.0,Jeans,Nike,Men's Fashion,19.0,1.0,White,M
67,325.0,T-shirt,Nike,Men's Fashion,91.0,3.0,Black,XL
24,522.0,Sweater,Adidas,Men's Fashion,80.0,3.0,Yellow,S
33,223.0,Jeans,Gucci,Women's Fashion,73.0,3.0,White,XL
61,180.0,T-shirt,Zara,Kids' Fashion,43.0,2.0,Green,M
79,100.0,Shoes,Adidas,Kids' Fashion,84.0,2.0,Red,L
24,522.0,Sweater,Adidas,Men's Fashion,80.0,3.0,Yellow,S
60,23.0,Jeans,Zara,Kids' Fashion,91.0,4.0,Yellow,M
89,357.0,T-shirt,Adidas,Kids' Fashion,15.0,3.0,Yellow,L
65,751.0,Jeans,Gucci,Kids' Fashion,72.0,2.0,Blue,S
14,915.0,Shoes,Adidas,Kids' Fashion,35.0,3.0,White,M
11,,Sweater,,Kids' Fashion,29.0,1.0,Green,
27,341.0,Jeans,Gucci,Men's Fashion,91.0,4.0,Red,XL
7,432.0,Jeans,H&M,Kids' Fashion,55.0,2.0,Blue,L
46,588.0,T-shirt,Gucci,Kids' Fashion,24.0,3.0,White,S
38,886.0,Dress,Gucci,Men's Fashion,27.0,3.0,Blue,M
3,204.0,T-shirt,Zara,Kids' Fashion,81.0,2.0,Black,M
83,781.0,Sweater,Nike,Men's Fashion,85.0,5.0,Green,L
12,94.0,Shoes,Zara,Women's Fashion,21.0,4.0,Yellow,XL
53,595.0,T-shirt,Gucci,Women's Fashion,96.0,4.0,Blue,S
3,69.0,Sweater,Gucci,Women's Fashion,74.0,4.0,Yellow,M
17,663.0,Sweater,Zara,Women's Fashion,52.0,1.0,Black,L
49,285.0,Sweater,Nike,Women's Fashion,80.0,4.0,Yellow,L
5,853.0,Dress,H&M,Kids' Fashion,20.0,3.0,Green,L
46,435.0,T-shirt,Adidas,Men's Fashion,47.0,3.0,Blue,XL
51,154.0,Dress,Zara,Men's Fashion,11.0,2.0,Blue,L
54,76.0,Jeans,Adidas,Women's Fashion,39.0,3.0,Black,XL
25,778.0,Dress,Nike,Kids' Fashion,80.0,4.0,White,L
84,447.0,Shoes,H&M,Kids' Fashion,27.0,5.0,Yellow,XL
55,189.0,Jeans,Adidas,Women's Fashion,15.0,3.0,Blue,L
43,272.0,Dress,Nike,Kids' Fashion,95.0,2.0,White,M
68,237.0,Shoes,Adidas,Men's Fashion,58.0,4.0,White,S
30,488.0,Sweater,H&M,Men's Fashion,81.0,1.0,Yellow,XL
31,560.0,Dress,Adidas,Women's Fashion,99.0,1.0,Red,XL
63,118.0,Dress,Adidas,Men's Fashion,71.0,4.0,Yellow,S
84,868.0,Sweater,Gucci,Kids' Fashion,72.0,4.0,Red,L
7,513.0,Jeans,Zara,Men's Fashion,65.0,4.0,Green,M
56,590.0,T-shirt,Nike,Kids' Fashion,65.0,2.0,Green,L
65,631.0,T-shirt,Zara,Kids' Fashion,32.0,4.0,White,S
7,127.0,Shoes,Zara,Women's Fashion,47.0,5.0,Yellow,M
52,117.0,Dress,Zara,Kids' Fashion,75.0,4.0,White,M
79,474.0,Dress,H&M,Kids' Fashion,68.0,1.0,Yellow,L
30,738.0,Jeans,H&M,Men's Fashion,100.0,1.0,Blue,L
83,58.0,Shoes,Adidas,Women's Fashion,61.0,2.0,White,L
59,719.0,Dress,H&M,Women's Fashion,34.0,2.0,Blue,M
92,967.0,Shoes,Gucci,Kids' Fashion,85.0,4.0,Blue,M
75,370.0,T-shirt,Nike,Kids' Fashion,58.0,3.0,White,S
34,269.0,Shoes,H&M,Kids' Fashion,100.0,5.0,Black,S
93,47.0,Jeans,Zara,Men's Fashion,62.0,1.0,Green,S
50,350.0,Jeans,H&M,Kids' Fashion,80.0,3.0,Black,XL
72,196.0,Jeans,Gucci,Kids' Fashion,17.0,1.0,Red,M
57,103.0,Jeans,Zara,Women's Fashion,84.0,4.0,White,XL
79,887.0,Sweater,Adidas,Men's Fashion,88.0,4.0,Blue,XL
31,790.0,Shoes,Adidas,Men's Fashion,34.0,1.0,Red,S
95,784.0,Sweater,Zara,Men's Fashion,46.0,3.0,White,M
46,264.0,Dress,Gucci,Women's Fashion,55.0,3.0,White,XL
84,444.0,Dress,Nike,Men's Fashion,31.0,2.0,White,XL
78,946.0,Sweater,H&M,Women's Fashion,15.0,2.0,Red,S
26,305.0,Shoes,H&M,Women's Fashion,90.0,2.0,White,L
69,342.0,Sweater,Zara,Women's Fashion,27.0,4.0,Yellow,S
22,639.0,Shoes,Zara,Men's Fashion,26.0,4.0,Blue,L
13,314.0,Jeans,Nike,Kids' Fashion,94.0,2.0,Red,L
67,150.0,T-shirt,Nike,Women's Fashion,43.0,1.0,Green,M
56,125.0,Sweater,H&M,Kids' Fashion,56.0,4.0,Green,L
99,834.0,Shoes,H&M,Women's Fashion,98.0,4.0,Yellow,S
16,873.0,T-shirt,Gucci,Kids' Fashion,27.0,3.0,Red,L
51,51.0,Jeans,Adidas,Women's Fashion,67.0,4.0,Yellow,XL
7,354.0,Dress,Gucci,Men's Fashion,74.0,4.0,Red,M
57,985.0,T-shirt,H&M,Women's Fashion,36.0,3.0,Green,S
88,143.0,Shoes,Gucci,Women's Fashion,81.0,5.0,White,L
38,471.0,T-shirt,Nike,Women's Fashion,96.0,2.0,Black,M
95,400.0,Jeans,H&M,Women's Fashion,91.0,2.0,Green,S
37,666.0,T-shirt,H&M,Women's Fashion,76.0,2.0,Black,S
34,321.0,Shoes,Gucci,Kids' Fashion,40.0,4.0,Red,S
56,20.0,Dress,Gucci,Men's Fashion,53.0,4.0,Green,L
48,859.0,T-shirt,Adidas,Women's Fashion,44.0,1.0,Red,L
33,838.0,Jeans,Zara,Men's Fashion,60.0,3.0,Blue,S
92,877.0,Sweater,Zara,Women's Fashion,29.0,5.0,Red,L
54,408.0,Sweater,H&M,Men's Fashion,62.0,3.0,White,L
11,538.0,Dress,Nike,Men's Fashion,94.0,2.0,Blue,M
30,661.0,Jeans,Gucci,Kids' Fashion,71.0,2.0,Blue,XL
46,39.0,Jeans,Adidas,Men's Fashion,90.0,2.0,Yellow,M
59,176.0,Dress,H&M,Kids' Fashion,91.0,2.0,Red,XL
89,246.0,Jeans,Gucci,Kids' Fashion,68.0,3.0,Green,S
18,880.0,Sweater,Zara,Kids' Fashion,48.0,2.0,White,L
76,712.0,Shoes,Gucci,Kids' Fashion,100.0,5.0,Green,S
66,802.0,Shoes,Gucci,Men's Fashion,26.0,3.0,Green,XL
40,912.0,Dress,Adidas,Men's Fashion,22.0,3.0,Blue,L
91,155.0,T-shirt,Gucci,Women's Fashion,48.0,2.0,White,L
13,288.0,Sweater,Nike,Men's Fashion,38.0,2.0,Black,M
44,626.0,Jeans,Adidas,Men's Fashion,29.0,4.0,Yellow,S
60,889.0,Shoes,Adidas,Kids' Fashion,25.0,5.0,Yellow,XL
4,570.0,T-shirt,Adidas,Women's Fashion,54.0,1.0,Black,S
73,791.0,Jeans,Gucci,Women's Fashion,58.0,4.0,Green,L
15,18.0,Jeans,Gucci,Women's Fashion,73.0,4.0,Red,XL
100,128.0,T-shirt,H&M,Women's Fashion,61.0,2.0,Green,M
30,323.0,Shoes,Zara,Women's Fashion,95.0,2.0,Green,M
33,256.0,Jeans,Gucci,Kids' Fashion,86.0,2.0,Blue,L
34,701.0,Jeans,Nike,Women's Fashion,17.0,2.0,Blue,XL
32,891.0,,H&M,Women's Fashion,84.0,1.0,White,XL
48,191.0,T-shirt,Gucci,Kids' Fashion,95.0,3.0,Black,M
77,116.0,Shoes,Adidas,Women's Fashion,60.0,3.0,Green,M
36,657.0,Jeans,Nike,Men's Fashion,87.0,2.0,Yellow,L
40,607.0,T-shirt,Nike,Women's Fashion,55.0,1.0,Yellow,S
74,181.0,Shoes,H&M,Kids' Fashion,80.0,5.0,Black,L
49,302.0,T-shirt,Gucci,Kids' Fashion,37.0,5.0,White,M
74,807.0,Jeans,Zara,Men's Fashion,31.0,2.0,Blue,S
32,758.0,Jeans,Nike,Women's Fashion,51.0,4.0,Green,M
49,741.0,Shoes,Nike,Women's Fashion,81.0,3.0,Blue,XL
23,782.0,T-shirt,Adidas,Men's Fashion,31.0,2.0,White,M
91,706.0,Jeans,Gucci,Women's Fashion,69.0,1.0,Green,S
87,518.0,Sweater,Gucci,Men's Fashion,56.0,3.0,Yellow,S
87,373.0,T-shirt,Adidas,Men's Fashion,63.0,3.0,Green,M
44,46.0,Dress,Zara,Men's Fashion,38.0,3.0,Yellow,XL
1,964.0,Dress,Nike,Women's Fashion,31.0,5.0,White,S
99,158.0,Shoes,Adidas,Men's Fashion,88.0,3.0,Blue,M
24,941.0,Jeans,Zara,Men's Fashion,70.0,2.0,White,XL
13,172.0,Jeans,Zara,Women's Fashion,32.0,5.0,Yellow,M
41,17.0,Dress,Gucci,Women's Fashion,75.0,1.0,Blue,XL
71,512.0,Shoes,Nike,Men's Fashion,92.0,2.0,Blue,S
19,49.0,Sweater,Gucci,Kids' Fashion,52.0,3.0,Green,XL
35,192.0,Sweater,Zara,Kids' Fashion,87.0,4.0,White,L
98,893.0,Shoes,H&M,Kids' Fashion,76.0,2.0,Red,S
51,516.0,Shoes,Gucci,Women's Fashion,33.0,2.0,Red,S
1,947.0,T-shirt,Zara,Kids' Fashion,48.0,3.0,White,S
20,731.0,Sweater,Adidas,Men's Fashion,62.0,5.0,White,XL
52,481.0,Jeans,Zara,Women's Fashion,24.0,2.0,Blue,XL
78,284.0,T-shirt,Zara,Men's Fashion,23.0,4.0,Black,S
30,938.0,T-shirt,Gucci,Kids' Fashion,100.0,3.0,Blue,S
82,698.0,Sweater,Zara,Men's Fashion,85.0,2.0,White,XL
6,226.0,Sweater,H&M,Men's Fashion,16.0,2.0,Green,XL
82,27.0,T-shirt,Adidas,Kids' Fashion,72.0,3.0,Red,L
94,830.0,Jeans,Gucci,Kids' Fashion,54.0,4.0,Green,S
89,438.0,T-shirt,Adidas,Kids' Fashion,86.0,5.0,Yellow,XL
67,989.0,T-shirt,Adidas,Men's Fashion,78.0,,,S
92,365.0,T-shirt,Nike,Men's Fashion,16.0,3.0,White,L
96,230.0,Shoes,Zara,Men's Fashion,82.0,5.0,Black,S
60,38.0,T-shirt,Nike,Kids' Fashion,76.0,3.0,Yellow,S
48,670.0,T-shirt,Gucci,Men's Fashion,55.0,4.0,Yellow,M
55,,T-shirt,,Men's Fashion,45.0,,Red,
68,375.0,Jeans,Zara,Women's Fashion,49.0,4.0,Blue,XL
76,470.0,T-shirt,Adidas,Kids' Fashion,34.0,5.0,Blue,S
42,75.0,,H&M,Women's Fashion,86.0,3.0,,S
19,688.0,Sweater,H&M,Kids' Fashion,91.0,1.0,White,XL
80,904.0,Sweater,Zara,Women's Fashion,27.0,2.0,Yellow,M
94,983.0,Dress,Zara,Men's Fashion,50.0,4.0,Red,XL
25,913.0,Shoes,Gucci,Kids' Fashion,56.0,4.0,Black,S
32,195.0,Shoes,Zara,Kids' Fashion,60.0,3.0,White,L
32,908.0,Shoes,Zara,Kids' Fashion,36.0,3.0,White,M
76,918.0,Shoes,H&M,Kids' Fashion,73.0,4.0,Red,XL
70,504.0,Sweater,Zara,Men's Fashion,22.0,2.0,Black,XL
10,238.0,Shoes,Adidas,Kids' Fashion,47.0,,White,
73,883.0,Shoes,Nike,Kids' Fashion,49.0,2.0,Yellow,L
38,580.0,Shoes,Adidas,Men's Fashion,92.0,2.0,Green,S
80,161.0,Sweater,Adidas,Women's Fashion,67.0,5.0,Blue,M
59,681.0,Shoes,Zara,Kids' Fashion,24.0,4.0,Black,L
18,163.0,Dress,Nike,Women's Fashion,93.0,4.0,Green,S
37,747.0,Jeans,Adidas,Kids' Fashion,73.0,1.0,White,XL
2,153.0,Shoes,Nike,Kids' Fashion,31.0,2.0,Black,S
22,894.0,Shoes,Adidas,Men's Fashion,37.0,1.0,Black,S
13,827.0,Shoes,Nike,Women's Fashion,92.0,2.0,Red,XL
56,803.0,Sweater,Nike,Men's Fashion,13.0,2.0,Blue,XL
92,112.0,Jeans,Adidas,Men's Fashion,15.0,2.0,White,S
44,227.0,Dress,Adidas,Kids' Fashion,20.0,4.0,Red,S
89,733.0,Sweater,Adidas,Women's Fashion,75.0,5.0,Black,M
64,104.0,Jeans,H&M,Men's Fashion,24.0,5.0,White,M
79,422.0,Dress,Nike,Kids' Fashion,20.0,2.0,Blue,S
79,420.0,Jeans,Adidas,Men's Fashion,81.0,5.0,White,M
9,998.0,Sweater,Zara,Men's Fashion,47.0,4.0,White,L
41,587.0,T-shirt,Adidas,Women's Fashion,50.0,1.0,Blue,XL
94,828.0,Sweater,H&M,Women's Fashion,29.0,4.0,Green,S
79,673.0,T-shirt,Gucci,Kids' Fashion,83.0,3.0,Yellow,M
77,120.0,T-shirt,H&M,Men's Fashion,12.0,3.0,Green,M
33,54.0,Shoes,H&M,Men's Fashion,33.0,2.0,Blue,S
31,152.0,Jeans,Nike,Men's Fashion,71.0,5.0,Green,S
37,404.0,Shoes,Adidas,Men's Fashion,71.0,3.0,Green,M
75,,T-shirt,Nike,Kids' Fashion,58.0,3.0,White,S
9,208.0,Jeans,Zara,Men's Fashion,79.0,3.0,White,M
97,659.0,Shoes,Zara,Women's Fashion,21.0,1.0,White,M
84,897.0,Jeans,H&M,Women's Fashion,22.0,4.0,White,S
31,810.0,Jeans,Zara,Kids' Fashion,39.0,1.0,Black,M
96,9.0,Sweater,H&M,Men's Fashion,53.0,4.0,Green,XL
64,929.0,Shoes,Gucci,Kids' Fashion,33.0,4.0,Blue,S
27,37.0,Sweater,Zara,Kids' Fashion,48.0,5.0,Blue,S
30,453.0,Shoes,Nike,Men's Fashion,34.0,3.0,Red,S
8,652.0,Jeans,Zara,Kids' Fashion,74.0,1.0,Yellow,L
20,254.0,Jeans,Gucci,Kids' Fashion,15.0,1.0,Yellow,L
7,304.0,Dress,Adidas,Women's Fashion,85.0,1.0,Green,M
9,794.0,Jeans,H&M,Women's Fashion,68.0,4.0,Black,M
17,572.0,Sweater,H&M,Men's Fashion,63.0,4.0,Blue,S
83,624.0,T-shirt,Nike,Women's Fashion,70.0,4.0,White,L
99,755.0,T-shirt,Zara,Women's Fashion,90.0,3.0,White,S
25,765.0,Sweater,H&M,Kids' Fashion,86.0,5.0,Blue,S
5,263.0,Jeans,Zara,Men's Fashion,71.0,4.0,Yellow,XL
2,611.0,Shoes,Gucci,Kids' Fashion,85.0,2.0,White,L
4,298.0,Shoes,Zara,Women's Fashion,14.0,1.0,Red,M
22,415.0,Jeans,H&M,Kids' Fashion,41.0,3.0,Yellow,L
5,151.0,Shoes,Adidas,Men's Fashion,77.0,2.0,Blue,M
93,836.0,Jeans,Gucci,Women's Fashion,21.0,4.0,White,L
10,641.0,Shoes,Zara,Kids' Fashion,20.0,2.0,White,M
65,944.0,Sweater,H&M,Kids' Fashion,49.0,3.0,Black,S
49,551.0,Jeans,H&M,Women's Fashion,83.0,4.0,Blue,M
55,856.0,Jeans,Gucci,Women's Fashion,93.0,2.0,Green,XL
45,489.0,Dress,Adidas,Men's Fashion,37.0,4.0,Black,M
37,711.0,Jeans,Adidas,Men's Fashion,34.0,3.0,Red,M
39,148.0,Shoes,Adidas,Women's Fashion,82.0,3.0,Black,L
54,147.0,Shoes,Gucci,Kids' Fashion,48.0,3.0,Green,L
6,966.0,Jeans,Gucci,Kids' Fashion,66.0,5.0,Black,S
67,989.0,T-shirt,Adidas,Men's Fashion,78.0,5.0,Black,S
91,787.0,Dress,H&M,Women's Fashion,96.0,3.0,Blue,XL
11,660.0,Dress,Adidas,Kids' Fashion,41.0,3.0,Blue,S
36,349.0,Dress,Adidas,Kids' Fashion,97.0,3.0,White,XL
53,464.0,Shoes,Zara,Men's Fashion,74.0,1.0,Green,L
7,326.0,Jeans,Zara,Men's Fashion,20.0,3.0,Green,L
81,187.0,Jeans,Zara,Women's Fashion,36.0,3.0,Green,S
65,124.0,Sweater,H&M,Men's Fashion,62.0,1.0,Black,L
38,907.0,T-shirt,Adidas,Men's Fashion,27.0,2.0,Yellow,L
89,609.0,Sweater,Adidas,Kids' Fashion,75.0,5.0,Red,S
75,144.0,Shoes,Adidas,Kids' Fashion,57.0,1.0,Blue,M
14,752.0,Dress,Gucci,Men's Fashion,72.0,2.0,Blue,L
95,728.0,Dress,Zara,Men's Fashion,63.0,2.0,Yellow,
3,198.0,T-shirt,Zara,Men's Fashion,67.0,3.0,Blue,XL
85,610.0,Shoes,H&M,Women's Fashion,62.0,3.0,Green,M
31,280.0,Dress,Gucci,Kids' Fashion,19.0,2.0,White,XL
4,294.0,Dress,H&M,Women's Fashion,89.0,4.0,White,XL
94,884.0,Dress,Zara,Men's Fashion,51.0,3.0,Green,L
41,401.0,Jeans,Gucci,Women's Fashion,93.0,5.0,Green,S
80,123.0,Sweater,Nike,Women's Fashion,65.0,3.0,Yellow,L
67,184.0,Sweater,Zara,Women's Fashion,67.0,3.0,Green,L
53,203.0,Jeans,Zara,Women's Fashion,75.0,2.0,Yellow,S
71,439.0,Jeans,Zara,Men's Fashion,20.0,3.0,White,XL
32,247.0,Shoes,Zara,Women's Fashion,72.0,2.0,White,S
30,416.0,Sweater,H&M,Women's Fashion,92.0,3.0,Blue,S
3,824.0,Shoes,Zara,Women's Fashion,17.0,1.0,White,L
19,931.0,Dress,Zara,Kids' Fashion,73.0,4.0,Blue,XL
62,961.0,Jeans,Nike,Women's Fashion,40.0,2.0,White,L
81,955.0,Jeans,Nike,Kids' Fashion,64.0,2.0,White,XL
60,942.0,Shoes,Adidas,Men's Fashion,49.0,2.0,Green,L
40,130.0,Shoes,Nike,Women's Fashion,81.0,1.0,Green,M
7,638.0,Sweater,Adidas,Men's Fashion,22.0,5.0,White,M
83,403.0,Shoes,Adidas,Men's Fashion,61.0,3.0,Red,S
68,545.0,,Zara,Men's Fashion,,,,XL
42,818.0,Dress,Nike,Women's Fashion,36.0,4.0,Blue,L
11,736.0,T-shirt,Adidas,Men's Fashion,94.0,3.0,White,L
84,968.0,Sweater,Gucci,Kids' Fashion,46.0,1.0,Black,S
35,220.0,T-shirt,H&M,Kids' Fashion,42.0,5.0,Blue,L
75,642.0,T-shirt,Gucci,Kids' Fashion,22.0,5.0,Black,S
78,970.0,Sweater,H&M,Kids' Fashion,19.0,5.0,White,L
61,800.0,T-shirt,H&M,Men's Fashion,38.0,5.0,Red,S
96,855.0,Jeans,H&M,Kids' Fashion,88.0,2.0,Red,L
46,975.0,Dress,Zara,Men's Fashion,19.0,3.0,Black,L
75,625.0,Shoes,Adidas,Kids' Fashion,78.0,3.0,Black,L
32,891.0,Dress,H&M,Women's Fashion,84.0,1.0,White,XL
20,808.0,T-shirt,Adidas,Women's Fashion,26.0,4.0,Yellow,L
52,387.0,Dress,Adidas,Women's Fashion,24.0,1.0,Green,XL
32,705.0,,Nike,Kids' Fashion,67.0,2.0,Black,L
9,510.0,Shoes,Nike,Men's Fashion,60.0,3.0,Green,L
32,268.0,Jeans,Adidas,Kids' Fashion,22.0,4.0,Yellow,L
98,869.0,Jeans,Zara,Men's Fashion,100.0,2.0,Black,XL
88,442.0,T-shirt,H&M,Men's Fashion,74.0,4.0,Red,S
88,497.0,Jeans,Gucci,Women's Fashion,30.0,4.0,Yellow,M
97,113.0,T-shirt,Zara,Men's Fashion,60.0,1.0,White,L
91,692.0,Dress,Nike,Women's Fashion,39.0,5.0,Red,XL
79,233.0,Shoes,Nike,Kids' Fashion,39.0,5.0,Red,M
13,923.0,Sweater,Zara,Men's Fashion,79.0,3.0,White,L
90,608.0,T-shirt,H&M,Women's Fashion,51.0,3.0,Blue,M
31,672.0,Sweater,Zara,Kids' Fashion,93.0,3.0,Blue,M
23,374.0,Jeans,Nike,Men's Fashion,20.0,1.0,Black,S
33,664.0,Shoes,H&M,Kids' Fashion,28.0,4.0,White,L
41,896.0,Jeans,Gucci,Men's Fashion,80.0,4.0,Black,S
64,234.0,Sweater,H&M,Kids' Fashion,55.0,2.0,White,S
70,833.0,Sweater,H&M,Kids' Fashion,82.0,1.0,Yellow,L
74,677.0,Shoes,Gucci,Women's Fashion,68.0,5.0,Blue,L
88,318.0,Sweater,Zara,Men's Fashion,49.0,1.0,Yellow,S
82,649.0,T-shirt,Gucci,Women's Fashion,76.0,2.0,Red,S
35,411.0,Sweater,Nike,Men's Fashion,67.0,3.0,Red,M
88,953.0,Jeans,Nike,Kids' Fashion,19.0,2.0,Blue,L
50,710.0,Sweater,Zara,Men's Fashion,58.0,2.0,Red,S
55,359.0,Dress,Nike,Kids' Fashion,68.0,4.0,Red,L
44,259.0,Shoes,Nike,Men's Fashion,27.0,3.0,White,L
73,745.0,Sweater,Zara,Men's Fashion,40.0,4.0,Blue,L
93,628.0,Sweater,Nike,Women's Fashion,64.0,4.0,Red,S
73,633.0,Dress,Nike,Women's Fashion,72.0,4.0,Red,L
95,283.0,Sweater,H&M,Men's Fashion,80.0,4.0,White,S
33,377.0,Shoes,Zara,Women's Fashion,54.0,4.0,Black,L
74,385.0,Shoes,Gucci,Women's Fashion,35.0,4.0,Yellow,L
46,225.0,Dress,Nike,Men's Fashion,61.0,2.0,Yellow,S
9,78.0,T-shirt,,Men's Fashion,76.0,,White,
89,895.0,Jeans,Gucci,Women's Fashion,88.0,2.0,Yellow,L
98,473.0,Dress,Nike,Women's Fashion,51.0,2.0,Red,S
52,348.0,Shoes,Zara,Kids' Fashion,76.0,3.0,Blue,XL
47,506.0,Shoes,Nike,Women's Fashion,51.0,4.0,Blue,M
11,640.0,T-shirt,Zara,Kids' Fashion,72.0,3.0,Red,S
61,627.0,T-shirt,Adidas,Men's Fashion,94.0,2.0,Green,M
28,798.0,Jeans,H&M,Kids' Fashion,75.0,2.0,Blue,M
1,986.0,Shoes,Gucci,Men's Fashion,11.0,5.0,Blue,M
94,960.0,Jeans,Gucci,Men's Fashion,50.0,4.0,Red,M
68,620.0,Sweater,Nike,Kids' Fashion,37.0,3.0,White,XL
80,909.0,Jeans,Nike,Women's Fashion,32.0,3.0,Green,XL
38,852.0,Jeans,H&M,Kids' Fashion,83.0,3.0,Red,XL
36,646.0,Sweater,Zara,Men's Fashion,36.0,3.0,Green,M
94,900.0,T-shirt,Nike,Men's Fashion,91.0,2.0,Blue,XL
45,557.0,Shoes,Adidas,Women's Fashion,85.0,2.0,Black,M
52,,Shoes,,,76.0,,Blue,XL
65,578.0,Dress,Gucci,Women's Fashion,48.0,3.0,Green,L
3,796.0,Jeans,H&M,Women's Fashion,86.0,2.0,Black,M
4,86.0,Sweater,Zara,Men's Fashion,50.0,3.0,Yellow,M
88,243.0,Shoes,H&M,Men's Fashion,79.0,1.0,White,XL
52,699.0,T-shirt,Adidas,Men's Fashion,50.0,2.0,Green,S
37,928.0,Sweater,Adidas,Kids' Fashion,10.0,5.0,Black,L
46,160.0,Shoes,Gucci,Women's Fashion,35.0,3.0,Black,L
72,525.0,T-shirt,Adidas,Kids' Fashion,58.0,2.0,Blue,M
18,36.0,Dress,H&M,Kids' Fashion,74.0,1.0,Green,S
48,541.0,Jeans,Nike,Women's Fashion,17.0,2.0,Green,S
24,171.0,Jeans,Nike,Men's Fashion,42.0,2.0,Blue,S
6,655.0,T-shirt,Zara,Men's Fashion,33.0,2.0,Black,S
72,945.0,Jeans,Gucci,Kids' Fashion,58.0,2.0,Red,L
63,911.0,Jeans,Nike,Kids' Fashion,89.0,2.0,White,S
44,901.0,Jeans,Zara,Men's Fashion,41.0,5.0,Red,XL
33,223.0,Jeans,,,73.0,,White,
89,734.0,Dress,Zara,Women's Fashion,80.0,2.0,Blue,XL
22,96.0,Dress,Gucci,Women's Fashion,30.0,5.0,Red,L
70,564.0,Shoes,Adidas,Kids' Fashion,31.0,5.0,Blue,M
55,241.0,Jeans,Gucci,Men's Fashion,21.0,2.0,Green,S
15,743.0,Jeans,H&M,Women's Fashion,55.0,2.0,Red,XL
22,864.0,Sweater,Nike,Men's Fashion,48.0,4.0,Yellow,L
99,575.0,T-shirt,H&M,Kids' Fashion,72.0,5.0,White,L
38,691.0,T-shirt,Adidas,Kids' Fashion,13.0,3.0,Blue,XL
43,461.0,Shoes,Zara,Kids' Fashion,93.0,1.0,Red,M
11,554.0,Sweater,Adidas,Men's Fashion,51.0,4.0,Blue,L
64,858.0,T-shirt,Zara,Kids' Fashion,96.0,4.0,Yellow,M
56,974.0,Shoes,Gucci,Kids' Fashion,72.0,3.0,Black,XL
30,207.0,Sweater,Gucci,Kids' Fashion,53.0,3.0,Black,M
19,393.0,Shoes,H&M,Men's Fashion,32.0,2.0,Black,M
2,795.0,Jeans,Gucci,Kids' Fashion,30.0,1.0,Black,S
56,871.0,Shoes,H&M,Men's Fashion,66.0,3.0,White,XL
39,398.0,T-shirt,H&M,Men's Fashion,16.0,2.0,White,M
83,767.0,Shoes,H&M,Men's Fashion,72.0,5.0,Yellow,L
91,902.0,Shoes,Gucci,Women's Fashion,40.0,3.0,Black,XL
94,218.0,Sweater,Gucci,Men's Fashion,69.0,3.0,Red,M
79,5.0,T-shirt,Adidas,Men's Fashion,79.0,4.0,Black,M
71,769.0,Sweater,Zara,Men's Fashion,28.0,4.0,White,S
63,643.0,T-shirt,Zara,Kids' Fashion,42.0,5.0,Black,L
17,952.0,Dress,Zara,Women's Fashion,60.0,3.0,Black,L
80,613.0,Jeans,Gucci,Women's Fashion,37.0,5.0,Black,XL
24,739.0,Sweater,Gucci,Kids' Fashion,80.0,1.0,Red,M
6,547.0,Sweater,H&M,Kids' Fashion,89.0,3.0,Yellow,XL
40,726.0,T-shirt,Nike,Men's Fashion,10.0,3.0,Red,XL
84,972.0,Jeans,Gucci,Men's Fashion,14.0,5.0,White,XL
31,684.0,Dress,Adidas,Women's Fashion,12.0,4.0,White,S
25,99.0,Shoes,Nike,Kids' Fashion,93.0,4.0,Yellow,L
53,805.0,Dress,H&M,Men's Fashion,84.0,3.0,Blue,XL
95,728.0,Dress,Zara,Men's Fashion,63.0,2.0,Yellow,S
9,574.0,Jeans,Gucci,Women's Fashion,92.0,4.0,Black,L
50,407.0,Shoes,Nike,Women's Fashion,78.0,4.0,White,XL
84,503.0,Sweater,Adidas,Kids' Fashion,16.0,5.0,White,XL
74,48.0,T-shirt,Gucci,Kids' Fashion,10.0,2.0,Green,M
69,33.0,Jeans,H&M,Kids' Fashion,89.0,5.0,Green,XL
46,780.0,T-shirt,Gucci,Kids' Fashion,89.0,2.0,Blue,XL
73,840.0,Shoes,Zara,Kids' Fashion,84.0,3.0,Red,S
21,201.0,Jeans,Zara,Women's Fashion,57.0,4.0,Yellow,M
94,135.0,Dress,Adidas,Kids' Fashion,14.0,4.0,Blue,L
87,28.0,Shoes,Zara,Women's Fashion,32.0,3.0,Yellow,L
98,934.0,T-shirt,Nike,Women's Fashion,82.0,3.0,Green,XL
92,231.0,Dress,Zara,Women's Fashion,33.0,5.0,Red,L
12,490.0,T-shirt,Nike,Men's Fashion,41.0,2.0,Green,L
70,773.0,Shoes,Nike,Women's Fashion,74.0,3.0,Black,XL
89,379.0,Jeans,Nike,Women's Fashion,25.0,4.0,White,M
88,289.0,Sweater,Adidas,Kids' Fashion,18.0,3.0,Blue,M
44,419.0,T-shirt,H&M,Kids' Fashion,72.0,3.0,Yellow,L
11,675.0,Sweater,Nike,Kids' Fashion,29.0,1.0,Green,XL
73,392.0,T-shirt,Zara,Men's Fashion,53.0,3.0,White,S
97,593.0,Sweater,H&M,Men's Fashion,89.0,3.0,White,S
60,499.0,Dress,Adidas,Kids' Fashion,93.0,3.0,White,L
73,139.0,Sweater,Gucci,Women's Fashion,45.0,4.0,Blue,XL
53,63.0,Jeans,Zara,Kids' Fashion,55.0,4.0,White,L
11,472.0,Jeans,Adidas,Women's Fashion,67.0,3.0,Green,L
74,648.0,T-shirt,Gucci,Men's Fashion,20.0,3.0,White,L
70,129.0,T-shirt,Zara,Women's Fashion,85.0,2.0,Yellow,M
30,738.0,Jeans,H&M,Men's Fashion,100.0,1.0,Blue,L
90,521.0,T-shirt,Adidas,Men's Fashion,19.0,3.0,White,M
26,839.0,Dress,Nike,Kids' Fashion,68.0,3.0,Blue,S
67,184.0,Sweater,Zara,,67.0,3.0,,L
6,65.0,Shoes,H&M,Kids' Fashion,33.0,3.0,Yellow,XL
42,813.0,Sweater,Zara,Men's Fashion,97.0,3.0,Blue,M
31,15.0,Shoes,Zara,Men's Fashion,54.0,4.0,Yellow,M
39,157.0,Dress,Adidas,Women's Fashion,67.0,4.0,Yellow,S
43,41.0,Jeans,Gucci,Women's Fashion,40.0,3.0,Blue,L
57,493.0,Shoes,H&M,Kids' Fashion,88.0,3.0,White,XL
73,380.0,Dress,Gucci,Women's Fashion,23.0,1.0,Red,XL
33,188.0,Shoes,Nike,Men's Fashion,44.0,4.0,Green,XL
10,764.0,Dress,H&M,Women's Fashion,30.0,2.0,Black,M
7,217.0,Sweater,Gucci,Women's Fashion,98.0,1.0,Yellow,S
81,922.0,Jeans,Gucci,Men's Fashion,45.0,5.0,Green,L
88,792.0,Sweater,Adidas,Kids' Fashion,88.0,5.0,Yellow,XL
39,53.0,T-shirt,Nike,Men's Fashion,16.0,1.0,Red,M
1,879.0,T-shirt,Nike,Kids' Fashion,67.0,4.0,Red,S
22,338.0,Sweater,Nike,Women's Fashion,70.0,1.0,Blue,S
31,749.0,Shoes,Gucci,Women's Fashion,43.0,2.0,Black,L
97,720.0,Shoes,Adidas,Men's Fashion,27.0,3.0,Black,S
87,725.0,Jeans,Gucci,Women's Fashion,12.0,4.0,Black,XL
99,296.0,T-shirt,H&M,Women's Fashion,25.0,4.0,White,S
46,702.0,Shoes,Gucci,Kids' Fashion,58.0,5.0,Blue,L
43,252.0,Dress,H&M,Men's Fashion,25.0,2.0,Blue,L
72,727.0,Jeans,Adidas,Women's Fashion,11.0,4.0,White,S
65,462.0,Dress,Zara,Women's Fashion,34.0,2.0,Yellow,M
93,456.0,Shoes,Gucci,Men's Fashion,14.0,4.0,Blue,M
76,271.0,Jeans,Nike,Men's Fashion,45.0,4.0,Blue,L
24,816.0,Jeans,Nike,Kids' Fashion,86.0,1.0,Blue,XL
49,863.0,Shoes,Gucci,Men's Fashion,99.0,1.0,Red,S
3,270.0,Sweater,Adidas,Kids' Fashion,60.0,4.0,Blue,XL
84,202.0,Sweater,Nike,Men's Fashion,40.0,3.0,Green,S
40,162.0,T-shirt,Nike,Women's Fashion,48.0,3.0,Red,L
26,556.0,T-shirt,H&M,Women's Fashion,39.0,3.0,Red,L
72,730.0,Jeans,Zara,Kids' Fashion,68.0,2.0,Green,M
10,402.0,Shoes,H&M,Women's Fashion,30.0,2.0,Yellow,M
27,703.0,Shoes,Gucci,Men's Fashion,21.0,3.0,Blue,S
100,477.0,Sweater,Nike,Men's Fashion,30.0,2.0,Black,S
75,822.0,T-shirt,Gucci,Kids' Fashion,48.0,5.0,Green,XL
34,772.0,Shoes,Gucci,Men's Fashion,24.0,5.0,Black,XL
63,106.0,Jeans,H&M,Kids' Fashion,21.0,3.0,Red,L
100,566.0,Dress,Gucci,Kids' Fashion,80.0,4.0,White,M
89,390.0,Sweater,Adidas,Women's Fashion,86.0,4.0,Green,M
97,2.0,Shoes,H&M,Women's Fashion,82.0,4.0,Black,L
34,995.0,Sweater,Adidas,Kids' Fashion,58.0,4.0,Red,S
66,412.0,Shoes,Nike,Kids' Fashion,63.0,3.0,Black,XL
37,562.0,T-shirt,Zara,Kids' Fashion,29.0,4.0,Green,L
64,932.0,Jeans,H&M,Kids' Fashion,68.0,3.0,Yellow,L
72,81.0,T-shirt,Nike,Women's Fashion,66.0,2.0,Green,S
64,206.0,Jeans,Nike,Kids' Fashion,56.0,4.0,Yellow,XL
48,35.0,Jeans,Zara,Women's Fashion,37.0,4.0,Blue,L
37,943.0,Jeans,Gucci,Kids' Fashion,71.0,4.0,Blue,L
73,776.0,Dress,Nike,Men's Fashion,86.0,2.0,Red,M
95,509.0,Dress,Gucci,Men's Fashion,28.0,2.0,Blue,L
80,428.0,T-shirt,Gucci,Kids' Fashion,34.0,2.0,Green,M
58,455.0,T-shirt,Gucci,Women's Fashion,51.0,1.0,Blue,M
77,120.0,T-shirt,,Men's Fashion,12.0,3.0,Green,M
17,367.0,Shoes,Nike,Women's Fashion,31.0,3.0,Yellow,S
6,92.0,Jeans,Adidas,Men's Fashion,100.0,2.0,White,M
52,340.0,Sweater,Adidas,Women's Fashion,32.0,1.0,Blue,L
98,898.0,Dress,Nike,Women's Fashion,44.0,4.0,Green,M
13,565.0,Sweater,Nike,Kids' Fashion,11.0,3.0,White,L
62,346.0,Jeans,Adidas,Kids' Fashion,19.0,5.0,Yellow,XL
40,777.0,Jeans,Adidas,Kids' Fashion,88.0,2.0,Green,M
72,242.0,Dress,H&M,Men's Fashion,52.0,4.0,Green,M
50,14.0,Dress,Zara,Women's Fashion,34.0,3.0,White,L
34,316.0,Jeans,H&M,Women's Fashion,68.0,2.0,Red,S
80,601.0,Dress,Adidas,Women's Fashion,44.0,1.0,White,L
7,388.0,T-shirt,H&M,Men's Fashion,86.0,4.0,Green,M
77,274.0,Dress,Adidas,Women's Fashion,18.0,2.0,Red,S
92,167.0,Shoes,Zara,Kids' Fashion,43.0,4.0,Blue,S
56,841.0,Dress,Zara,Men's Fashion,37.0,3.0,Blue,M
87,21.0,Jeans,H&M,Men's Fashion,56.0,3.0,Yellow,S
25,647.0,Shoes,Adidas,Women's Fashion,60.0,2.0,Black,M
45,819.0,T-shirt,Zara,Men's Fashion,41.0,3.0,White,XL
54,485.0,Dress,H&M,Women's Fashion,70.0,3.0,Black,S
30,661.0,Jeans,Gucci,Kids' Fashion,71.0,2.0,Blue,XL
24,505.0,Dress,Zara,Women's Fashion,75.0,2.0,Black,S
96,832.0,Jeans,Nike,Women's Fashion,87.0,2.0,Blue,L
77,244.0,Sweater,Zara,Women's Fashion,85.0,3.0,Blue,XL
27,567.0,Dress,Zara,Kids' Fashion,96.0,1.0,Black,M
26,876.0,Dress,Nike,Kids' Fashion,82.0,1.0,Green,M
44,563.0,Shoes,Adidas,Men's Fashion,39.0,4.0,Blue,XL
46,645.0,T-shirt,,,98.0,5.0,Black,
35,687.0,Sweater,H&M,Kids' Fashion,74.0,4.0,Blue,L
46,958.0,Shoes,Adidas,Men's Fashion,16.0,2.0,Green,M
38,190.0,Sweater,Zara,Kids' Fashion,32.0,4.0,Yellow,XL
76,783.0,Jeans,H&M,Women's Fashion,59.0,2.0,Red,S
82,976.0,Dress,Nike,Kids' Fashion,42.0,2.0,White,M
96,700.0,Dress,H&M,Women's Fashion,78.0,5.0,Yellow,S
14,476.0,Shoes,H&M,Women's Fashion,70.0,4.0,White,XL
13,682.0,Jeans,Adidas,Women's Fashion,52.0,4.0,Blue,XL
52,511.0,Jeans,H&M,Kids' Fashion,78.0,3.0,Black,S
38,59.0,Dress,Nike,Kids' Fashion,93.0,3.0,Blue,M
73,475.0,Sweater,H&M,Men's Fashion,69.0,4.0,Yellow,S
65,561.0,Shoes,Zara,Men's Fashion,96.0,4.0,Yellow,M
37,857.0,Dress,H&M,Men's Fashion,93.0,4.0,Blue,M
87,748.0,Sweater,Zara,Kids' Fashion,45.0,3.0,Red,S
65,253.0,T-shirt,Zara,Kids' Fashion,98.0,4.0,White,M
56,22.0,Jeans,Gucci,Women's Fashion,89.0,5.0,Green,L
39,460.0,Jeans,H&M,Kids' Fashion,94.0,3.0,Black,L
50,277.0,Dress,H&M,Kids' Fashion,49.0,2.0,White,M
39,956.0,Sweater,H&M,Men's Fashion,88.0,4.0,Black,M
27,386.0,Dress,Adidas,Women's Fashion,17.0,4.0,Yellow,XL
100,806.0,Jeans,Zara,Women's Fashion,11.0,4.0,Green,L
42,344.0,Dress,Nike,Kids' Fashion,44.0,4.0,Blue,L
93,770.0,T-shirt,H&M,Kids' Fashion,14.0,5.0,Yellow,S
70,131.0,T-shirt,H&M,Men's Fashion,50.0,3.0,Blue,M
94,872.0,Jeans,H&M,Women's Fashion,96.0,5.0,Black,M
85,88.0,Dress,Nike,Kids' Fashion,61.0,3.0,White,L
61,331.0,T-shirt,Adidas,Kids' Fashion,25.0,3.0,Black,S
13,467.0,Jeans,Adidas,Women's Fashion,69.0,2.0,Red,L
90,122.0,Sweater,H&M,Women's Fashion,36.0,4.0,Blue,XL
60,861.0,Shoes,Gucci,Men's Fashion,98.0,5.0,White,XL
